Fecha;Hora;Importe;"Tipo de combustible";"Litros suministrados";"Número de surtidor (o calle)";"Número de ticket"
2026-05-11;06:34:58;20,00;"GASOLEO A";12,666;2;2026073783
2026-05-11;06:35:08;20,00;"GASOLEO A";12,666;4;2026073784
2026-05-11;06:36:21;47,00;"GASOLEO A";29,766;2;2026005467
2026-05-11;06:40:09;25,00;"GASOLEO A";15,833;4;2026073785
2026-05-11;06:42:35;10,00;"GASOLEO A";6,333;1;2026073786
2026-05-11;06:48:00;25,00;"GASOLEO A";15,833;1;2026073788
2026-05-11;06:49:53;50,00;"GASOLEO A";31,666;3;2026073789
2026-05-11;06:50:06;10,00;"GASOLEO A";6,333;2;2026073790
2026-05-11;06:54:51;500,00;"SIN PLOMO 95";371,195;2;2026073791
2026-05-11;06:57:18;120,00;"GASOLEO A";75,997;1;2026005468
2026-05-11;07:05:41;500,00;"SIN PLOMO 95";371,195;2;2026073792
2026-05-11;07:10:27;50,00;"GASOLEO A";31,666;1;2026005469
2026-05-11;07:11:06;20,00;"GASOLEO A";12,666;3;2026073793
2026-05-11;07:12:18;70,00;"GASOLEO A";44,332;4;2026073794
2026-05-11;07:13:59;20,00;"GASOLEO A";12,666;3;2026073795
2026-05-11;07:14:10;500,00;"SIN PLOMO 95";371,195;2;2026073796
2026-05-11;07:15:38;5,00;"SIN PLOMO 95";3,712;3;2026073797
2026-05-11;07:15:50;40,00;"GASOLEO A";25,332;1;2026073798
2026-05-11;07:20:40;45,00;"GASOLEO A";28,499;3;2026005470
2026-05-11;07:23:40;500,00;"SIN PLOMO 95";371,195;2;2026073800
2026-05-11;07:30:23;20,00;"GASOLEO A";12,666;4;2026073801
2026-05-11;07:30:42;30,00;"GASOLEO A";18,999;3;2026073802
2026-05-11;07:32:14;500,00;"SIN PLOMO 95";371,195;2;2026073803
2026-05-11;07:36:58;15,00;"GASOLEO A";9,500;4;2026073804
2026-05-11;07:39:03;40,00;"SIN PLOMO 95";29,696;3;2026073805
2026-05-11;07:39:19;30,00;"GASOLEO A";18,999;1;2026005471
2026-05-11;07:40:33;450,00;"SIN PLOMO 95";334,076;2;2026073806
2026-05-11;07:41:02;50,00;"GASOLEO A";31,666;4;2026073807
2026-05-11;07:41:54;85,00;"GASOLEO A";53,832;1;2026073808
2026-05-11;07:42:14;30,00;"GASOLEO A";18,999;3;2026073809
2026-05-11;07:45:48;50,00;"GASOLEO A";31,666;3;2026005472
2026-05-11;07:46:12;30,00;"GASOLEO A";18,999;4;2026073810
2026-05-11;07:46:36;50,00;"GASOLEO A";31,666;1;2026005473
2026-05-11;07:49:40;20,00;"SIN PLOMO 95";14,848;4;2026073812
2026-05-11;07:51:08;-48,41;"SIN PLOMO 95";-35,939;2;2026073813
2026-05-11;07:51:57;5,00;"GASOLEO A";3,167;4;2026073814
2026-05-11;07:57:14;50,01;"GASOLEO A";31,672;2;2026073815
2026-05-11;07:58:31;30,00;"GASOLEO A";18,999;2;2026073816
2026-05-11;08:00:58;60,00;"SIN PLOMO 95";44,543;1;2026005474
2026-05-11;08:01:58;20,00;"SIN PLOMO 95";14,848;3;2026073817
2026-05-11;08:02:35;-40,00;"SIN PLOMO 95";-29,696;3;2026000519
2026-05-11;08:02:35;40,00;"SIN PLOMO 95";29,696;3;2026005475
2026-05-11;08:07:02;45,96;"GASOLEO A";29,107;2;2026005476
2026-05-11;08:07:42;10,00;"SIN PLOMO 95";7,424;1;2026073818
2026-05-11;08:07:54;20,00;"GASOLEO A";12,666;3;2026073819
2026-05-11;08:09:24;4,04;"SIN PLOMO 95";3,000;2;2026073820
2026-05-11;08:10:44;50,00;"GASOLEO A";31,666;3;2026073821
2026-05-11;08:11:52;70,00;"GASOLEO A";44,332;1;2026005477
2026-05-11;08:11:57;-50,00;"GASOLEO A";-31,666;3;2026073822
2026-05-11;08:12:04;50,00;"GASOLEO A";31,666;2;2026073823
2026-05-11;08:13:58;28,60;"GASOLEO A";18,113;3;2026073824
2026-05-11;08:16:42;30,00;"SIN PLOMO 95";22,272;4;2026073825
2026-05-11;08:18:51;10,00;"GASOLEO A";6,333;2;2026073826
2026-05-11;08:19:48;30,00;"GASOLEO A";18,999;1;2026005478
2026-05-11;08:23:18;50,00;"GASOLEO A";31,666;2;2026073827
2026-05-11;08:23:40;40,00;"GASOLEO A";25,332;1;2026005479
2026-05-11;08:24:16;50,00;"GASOLEO A";31,666;4;2026073828
2026-05-11;08:28:46;55,00;"GASOLEO A";34,832;2;2026073829
2026-05-11;08:28:55;20,00;"GASOLEO A";12,666;4;2026073830
2026-05-11;08:29:55;15,79;"GASOLEO A";10,000;1;2026005480
2026-05-11;08:32:33;10,00;"SIN PLOMO 95";7,424;3;2026073831
2026-05-11;08:33:05;10,00;"GASOLEO A";6,333;4;2026073832
2026-05-11;08:34:29;-10,00;"GASOLEO A";-6,333;4;2026073833
2026-05-11;08:34:37;10,00;"SIN PLOMO 95";7,424;4;2026073834
2026-05-11;08:34:48;10,00;"SIN PLOMO 95";7,424;2;2026005481
2026-05-11;08:35:11;30,00;"SIN PLOMO 95";22,272;1;2026073835
2026-05-11;08:35:19;50,00;"GASOLEO A";31,666;3;2026073836
2026-05-11;08:36:41;10,00;"GASOLEO A";6,333;4;2026073837
2026-05-11;08:36:54;20,00;"SIN PLOMO 95";14,848;2;2026073838
2026-05-11;08:40:00;10,00;"GASOLEO A";6,333;2;2026073840
2026-05-11;08:43:53;38,01;"GASOLEO A";24,072;4;2026073841
2026-05-11;08:45:41;20,00;"GASOLEO A";12,666;2;2026005482
2026-05-11;08:47:43;10,00;"GASOLEO A";6,333;1;2026073842
2026-05-11;08:53:02;30,00;"GASOLEO A";18,999;2;2026073843
2026-05-11;08:55:46;49,02;"SIN PLOMO 95";36,392;4;2026073844
2026-05-11;08:57:20;6,00;"SIN PLOMO 95";4,454;1;2026073845
2026-05-11;09:00:14;10,00;"GASOLEO A";6,333;2;2026073846
2026-05-11;09:03:03;30,00;"GASOLEO A";18,999;4;2026073847
2026-05-11;09:06:02;20,00;"GASOLEO A";12,666;2;2026073848
2026-05-11;09:06:36;10,00;"GASOLEO A";6,333;3;2026073849
2026-05-11;09:07:18;20,00;"GASOLEO A";12,666;4;2026073850
2026-05-11;09:10:26;75,02;"GASOLEO A";47,511;1;2026073851
2026-05-11;09:10:37;30,00;"GASOLEO A";18,999;2;2026073852
2026-05-11;09:13:41;65,01;"SIN PLOMO 95";48,263;1;2026005483
2026-05-11;09:15:41;15,00;"GASOLEO A";9,500;1;2026073854
2026-05-11;09:16:04;40,00;"GASOLEO A";25,332;3;2026073855
2026-05-11;09:16:32;20,00;"GASOLEO A";12,666;2;2026073856
2026-05-11;09:18:45;24,00;"SIN PLOMO 95";17,817;4;2026073857
2026-05-11;09:19:18;30,00;"GASOLEO A";18,999;3;2026073858
2026-05-11;09:19:54;20,00;"GASOLEO A";12,666;2;2026073859
2026-05-11;09:22:38;32,02;"SIN PLOMO 95";23,771;4;2026073860
2026-05-11;09:23:18;45,00;"GASOLEO A";28,499;2;2026073861
2026-05-11;09:25:42;10,00;"SIN PLOMO 95";7,424;4;2026073862
2026-05-11;09:26:40;20,00;"SIN PLOMO 95";14,848;2;2026073863
2026-05-11;09:26:58;34,00;"GASOLEO A";21,533;1;2026073864
2026-05-11;09:28:10;40,00;"GASOLEO A";25,332;4;2026073865
2026-05-11;09:28:30;20,00;"GASOLEO A";12,666;3;2026073866
2026-05-11;09:29:25;20,00;"SIN PLOMO 95";14,848;2;2026073867
2026-05-11;09:31:05;62,00;"SIN PLOMO 95";46,028;1;2026073868
2026-05-11;09:31:59;30,00;"SIN PLOMO 95";22,272;2;2026073869
2026-05-11;09:33:17;50,00;"GASOLEO A";31,666;4;2026073870
2026-05-11;09:33:38;58,45;"SIN PLOMO 95";43,393;3;2026005484
2026-05-11;09:34:42;7,00;"GASOLEO A";4,433;1;2026073871
2026-05-11;09:35:06;30,00;"SIN PLOMO 95";22,272;2;2026073872
2026-05-11;09:36:25;20,00;"GASOLEO A";12,666;3;2026073873
2026-05-11;09:39:03;11,00;"SIN PLOMO 95";8,166;4;2026073874
2026-05-11;09:40:16;50,00;"GASOLEO A";31,666;2;2026073875
2026-05-11;09:40:55;88,20;"GASOLEO A";55,858;1;2026005485
2026-05-11;09:41:40;3,60;"SIN PLOMO 95";2,673;4;2026073876
2026-05-11;09:43:10;20,00;"GASOLEO A";12,666;1;2026073877
2026-05-11;09:44:22;20,00;"GASOLEO A";12,666;4;2026073878
2026-05-11;09:44:55;29,80;"SIN PLOMO 95";22,123;3;2026073879
2026-05-11;09:45:07;40,00;"GASOLEO A";25,332;2;2026073880
2026-05-11;09:45:09;50,00;"GASOLEO A";31,666;1;2026073881
2026-05-11;09:47:07;30,00;"GASOLEO A";18,999;2;2026073882
2026-05-11;09:47:17;50,00;"GASOLEO A";31,666;1;2026073883
2026-05-11;09:49:32;50,00;"GASOLEO A";31,666;4;2026073885
2026-05-11;09:51:17;10,00;"GASOLEO A";6,333;2;2026073886
2026-05-11;09:51:32;20,00;"GASOLEO A";12,666;1;2026073887
2026-05-11;09:52:06;66,92;"GASOLEO A";42,381;3;2026073888
2026-05-11;09:53:17;20,00;"GASOLEO A";12,666;4;2026073889
2026-05-11;09:55:14;60,00;"GASOLEO A";37,999;3;2026073890
2026-05-11;09:57:57;19,00;"GASOLEO A";12,033;2;2026073891
2026-05-11;09:58:31;30,00;"GASOLEO A";18,999;4;2026073892
2026-05-11;10:03:22;35,00;"SIN PLOMO 95";25,984;2;2026073893
2026-05-11;10:15:13;30,00;"GASOLEO A";18,999;2;2026073895
2026-05-11;10:19:11;51,01;"SIN PLOMO 95";37,869;3;2026073896
2026-05-11;10:20:12;20,00;"GASOLEO A";12,666;2;2026073897
2026-05-11;10:23:08;20,00;"GASOLEO A";12,666;2;2026073898
2026-05-11;10:23:18;30,00;"GASOLEO A";18,999;3;2026073899
2026-05-11;10:23:52;65,91;"GASOLEO A";41,742;4;2026073900
2026-05-11;10:27:51;20,00;"SIN PLOMO 95";14,848;2;2026073902
2026-05-11;10:30:14;10,00;"GASOLEO A";6,333;4;2026073903
2026-05-11;10:31:11;20,00;"GASOLEO A";12,666;1;2026073904
2026-05-11;10:35:15;60,00;"GASOLEO A";37,999;2;2026073905
2026-05-11;10:35:30;35,00;"SIN PLOMO 95";25,984;4;2026073906
2026-05-11;10:39:20;40,00;"GASOLEO A";25,332;4;2026073909
2026-05-11;10:40:21;15,00;"GASOLEO A";9,500;1;2026073910
2026-05-11;10:41:22;43,00;"SIN PLOMO 95";31,923;3;2026073911
2026-05-11;10:42:07;77,02;"GASOLEO A";48,778;2;2026073912
2026-05-11;10:43:59;2,00;"SIN PLOMO 95";1,485;1;2026073913
2026-05-11;10:49:33;30,00;"GASOLEO A";18,999;1;2026073914
2026-05-11;10:55:28;30,00;"GASOLEO A";18,999;4;2026073915
2026-05-11;10:58:06;40,00;"GASOLEO A";25,332;3;2026073916
2026-05-11;10:58:32;71,91;"GASOLEO A";45,541;2;2026073917
2026-05-11;10:58:58;20,00;"GASOLEO A";12,666;1;2026073918
2026-05-11;11:00:36;500,00;"SIN PLOMO 95";371,195;2;2026073919
2026-05-11;11:01:10;64,00;"GASOLEO A";40,532;4;2026073920
2026-05-11;11:01:58;30,00;"SIN PLOMO 95";22,272;1;2026073921
2026-05-11;11:04:24;40,00;"GASOLEO A";25,332;4;2026073922
2026-05-11;11:05:50;6,74;"SIN PLOMO 95";5,000;1;2026073923
2026-05-11;11:06:33;70,01;"GASOLEO A";44,338;3;2026073924
2026-05-11;11:07:37;10,00;"GASOLEO A";6,333;4;2026073925
2026-05-11;11:10:54;500,00;"SIN PLOMO 95";371,195;2;2026073926
2026-05-11;11:11:09;10,00;"GASOLEO A";6,333;3;2026073927
2026-05-11;11:12:29;30,00;"SIN PLOMO 95";22,272;1;2026073928
2026-05-11;11:13:56;50,00;"GASOLEO A";31,666;4;2026073930
2026-05-11;11:14:17;20,00;"GASOLEO A";12,666;3;2026073931
2026-05-11;11:15:50;20,00;"GASOLEO A";12,666;4;2026073932
2026-05-11;11:16:20;15,00;"GASOLEO A";9,500;1;2026073933
2026-05-11;11:20:27;500,00;"SIN PLOMO 95";371,195;2;2026073934
2026-05-11;11:26:32;15,00;"GASOLEO A";9,500;3;2026073935
2026-05-11;11:27:07;15,00;"SIN PLOMO 95";11,136;1;2026073936
2026-05-11;11:29:02;10,00;"SIN PLOMO 95";7,424;3;2026073937
2026-05-11;11:29:45;54,30;"GASOLEO A";34,389;4;2026073938
2026-05-11;11:30:07;8,00;"SIN PLOMO 95";5,939;1;2026073939
2026-05-11;11:31:03;20,00;"GASOLEO A";12,666;3;2026073940
2026-05-11;11:31:28;60,00;"GASOLEO A";37,999;4;2026073941
2026-05-11;11:31:38;500,00;"SIN PLOMO 95";371,195;2;2026073942
2026-05-11;11:32:55;50,00;"GASOLEO A";31,666;1;2026073943
2026-05-11;11:33:40;10,00;"GASOLEO A";6,333;3;2026073944
2026-05-11;11:35:48;20,00;"GASOLEO A";12,666;4;2026073945
2026-05-11;11:38:50;20,00;"SIN PLOMO 95";14,848;1;2026073946
2026-05-11;11:40:07;20,00;"GASOLEO A";12,666;4;2026073947
2026-05-11;11:40:22;500,00;"SIN PLOMO 95";371,195;2;2026073948
2026-05-11;11:43:11;25,00;"GASOLEO A";15,833;1;2026073949
2026-05-11;11:46:57;40,00;"GASOLEO A";25,332;3;2026073950
2026-05-11;11:49:44;540,00;"SIN PLOMO 95";400,891;2;2026073951
2026-05-11;11:50:10;40,00;"SIN PLOMO 95";29,696;4;2026073952
2026-05-11;11:54:53;50,00;"SIN PLOMO 95";37,120;1;2026073953
2026-05-11;11:55:45;68,34;"GASOLEO A";43,281;4;2026073954
2026-05-11;11:56:29;20,00;"GASOLEO A";12,666;3;2026073955
2026-05-11;11:58:19;20,00;"GASOLEO A";12,666;4;2026073956
2026-05-11;11:58:32;20,00;"SIN PLOMO 95";14,848;1;2026073957
2026-05-11;11:59:01;50,00;"GASOLEO A";31,666;3;2026005486
2026-05-11;12:01:09;40,00;"GASOLEO A";25,332;4;2026073958
2026-05-11;12:01:39;-133,35;"SIN PLOMO 95";-98,998;2;2026073959
2026-05-11;12:01:47;133,35;"SIN PLOMO 95";98,998;2;2026073960
2026-05-11;12:02:19;50,00;"GASOLEO A";31,666;3;2026073961
2026-05-11;12:04:38;61,00;"GASOLEO A";38,632;1;2026073963
2026-05-11;12:07:25;72,00;"GASOLEO A";45,598;4;2026073965
2026-05-11;12:07:49;13,09;"SIN PLOMO 95";9,718;1;2026073966
2026-05-11;12:09:14;86,18;"GASOLEO A";54,579;3;2026073967
2026-05-11;12:09:21;40,00;"GASOLEO A";25,332;4;2026073968
2026-05-11;12:11:57;50,00;"GASOLEO A";31,666;2;2026073969
2026-05-11;12:14:53;10,00;"GASOLEO A";6,333;1;2026073970
2026-05-11;12:15:12;30,00;"GASOLEO A";18,999;4;2026073971
2026-05-11;12:16:41;50,00;"GASOLEO A";31,666;1;2026005487
2026-05-11;12:19:55;19,92;"SIN PLOMO 95";14,788;3;2026073972
2026-05-11;12:20:05;20,00;"GASOLEO A";12,666;2;2026073973
2026-05-11;12:23:07;50,00;"GASOLEO A";31,666;2;2026073974
2026-05-11;12:24:44;50,00;"GASOLEO A";31,666;4;2026073975
2026-05-11;12:27:47;6,74;"SIN PLOMO 95";5,004;1;2026073976
2026-05-11;12:31:07;30,00;"GASOLEO A";18,999;1;2026073978
2026-05-11;12:34:20;30,00;"GASOLEO A";18,999;3;2026073981
2026-05-11;12:34:58;5,00;"SIN PLOMO 95";3,712;4;2026073982
2026-05-11;12:39:42;75,00;"GASOLEO A";47,498;2;2026073983
2026-05-11;12:41:12;26,00;"GASOLEO A";16,466;3;2026073985
2026-05-11;12:41:29;20,00;"GASOLEO A";12,666;4;2026073986
2026-05-11;12:43:17;20,00;"GASOLEO A";12,666;2;2026073987
2026-05-11;12:43:52;25,00;"GASOLEO A";15,833;1;2026073988
2026-05-11;12:45:27;20,00;"SIN PLOMO 95";14,848;3;2026073989
2026-05-11;12:45:36;-0,30;"GASOLEO A";-0,190;1;2026073990
2026-05-11;12:47:18;50,00;"GASOLEO A";31,666;4;2026073991
2026-05-11;12:49:12;40,00;"GASOLEO A";25,332;2;2026073992
2026-05-11;12:49:21;10,00;"GASOLEO A";6,333;3;2026073993
2026-05-11;12:49:59;57,70;"GASOLEO A";36,542;1;2026073994
2026-05-11;12:51:23;5,00;"SIN PLOMO 95";3,712;3;2026073995
2026-05-11;12:52:37;10,00;"GASOLEO A";6,333;1;2026073996
2026-05-11;12:52:59;46,62;"SIN PLOMO 95";34,610;4;2026073997
2026-05-11;12:53:24;10,00;"SIN PLOMO 95";7,424;4;2026073999
2026-05-11;12:54:52;20,00;"GASOLEO A";12,666;3;2026074000
2026-05-11;12:56:34;51,06;"GASOLEO A";32,337;2;2026074001
2026-05-11;12:57:26;20,00;"SIN PLOMO 95";14,848;4;2026074002
2026-05-11;13:00:46;50,82;"SIN PLOMO 95";37,728;2;2026074004
2026-05-11;13:01:20;50,00;"GASOLEO A";31,666;3;2026074005
2026-05-11;13:03:29;20,00;"GASOLEO A";12,666;2;2026074006
2026-05-11;13:05:49;20,00;"GASOLEO A";12,666;1;2026074007
2026-05-11;13:06:43;20,00;"SIN PLOMO 95";14,848;3;2026074008
2026-05-11;13:07:21;5,00;"SIN PLOMO 95";3,712;4;2026074009
2026-05-11;13:09:53;20,00;"GASOLEO A";12,666;2;2026074010
2026-05-11;13:11:22;20,00;"GASOLEO A";12,666;1;2026074012
2026-05-11;13:11:43;10,00;"SIN PLOMO 95";7,424;3;2026074013
2026-05-11;13:12:54;20,00;"GASOLEO A";12,666;2;2026074014
2026-05-11;13:13:40;10,00;"GASOLEO A";6,333;4;2026074015
2026-05-11;13:13:57;30,00;"GASOLEO A";18,999;1;2026074016
2026-05-11;13:15:37;5,00;"GASOLEO A";3,167;2;2026074017
2026-05-11;13:17:03;10,00;"GASOLEO A";6,333;4;2026074020
2026-05-11;13:17:06;2,00;"SIN PLOMO 95";1,485;3;2026074021
2026-05-11;13:18:33;30,00;"GASOLEO A";18,999;2;2026074022
2026-05-11;13:19:33;30,00;"SIN PLOMO 95";22,272;4;2026074023
2026-05-11;13:20:34;40,00;"GASOLEO A";25,332;3;2026074024
2026-05-11;13:21:41;10,00;"SIN PLOMO 95";7,424;2;2026074025
2026-05-11;13:21:53;10,06;"SIN PLOMO 95";7,468;1;2026074026
2026-05-11;13:22:33;30,00;"SIN PLOMO 95";22,272;4;2026074027
2026-05-11;13:24:31;2,50;"SIN PLOMO 95";1,856;1;2026074028
2026-05-11;13:28:25;10,00;"GASOLEO A";6,333;2;2026074029
2026-05-11;13:28:56;60,00;"GASOLEO A";37,999;4;2026074030
2026-05-11;13:29:05;10,00;"GASOLEO A";6,333;1;2026074031
2026-05-11;13:32:00;30,00;"GASOLEO A";18,999;2;2026074033
2026-05-11;13:32:24;30,00;"GASOLEO A";18,999;4;2026074034
2026-05-11;13:35:25;20,00;"GASOLEO A";12,666;4;2026074035
2026-05-11;13:35:53;150,00;"GASOLEO A";94,997;2;2026005488
2026-05-11;13:37:34;20,00;"GASOLEO A";12,666;1;2026074036
2026-05-11;13:38:29;30,00;"GASOLEO A";18,999;4;2026074037
2026-05-11;13:39:54;5,00;"GASOLEO A";3,167;1;2026074038
2026-05-11;13:42:03;20,00;"GASOLEO A";12,666;1;2026074039
2026-05-11;13:42:23;60,00;"GASOLEO A";37,999;4;2026074040
2026-05-11;13:43:32;20,00;"GASOLEO A";12,666;2;2026074041
2026-05-11;13:47:49;83,06;"GASOLEO A";52,603;3;2026074042
2026-05-11;13:48:41;62,72;"GASOLEO A";39,721;1;2026074044
2026-05-11;13:48:47;20,00;"SIN PLOMO 95";14,848;2;2026074045
2026-05-11;13:49:00;60,00;"GASOLEO A";37,999;4;2026074046
2026-05-11;13:53:43;50,00;"GASOLEO A";31,666;2;2026074048
2026-05-11;13:54:44;25,93;"SIN PLOMO 95";19,250;1;2026074049
2026-05-11;13:55:00;30,00;"GASOLEO A";18,999;4;2026074050
2026-05-11;13:55:34;20,00;"GASOLEO A";12,666;1;2026074051
2026-05-11;13:57:24;40,00;"SIN PLOMO 95";29,696;3;2026074053
2026-05-11;13:58:12;20,00;"GASOLEO A";12,666;1;2026074054
2026-05-11;13:59:59;40,00;"GASOLEO A";25,332;2;2026074056
2026-05-11;14:04:29;20,00;"GASOLEO A";12,666;2;2026074058
2026-05-11;14:06:09;20,00;"GASOLEO A";12,666;1;2026074060
2026-05-11;14:06:35;20,00;"GASOLEO A";12,666;4;2026074061
2026-05-11;14:08:00;20,00;"GASOLEO A";12,666;2;2026074062
2026-05-11;14:15:33;40,01;"SIN PLOMO 95";29,703;2;2026074063
2026-05-11;14:17:13;20,00;"SIN PLOMO 95";14,848;1;2026074064
2026-05-11;14:17:43;50,00;"GASOLEO A";31,666;2;2026074065
2026-05-11;14:19:39;63,00;"SIN PLOMO 95";46,771;4;2026074066
2026-05-11;14:23:33;50,00;"GASOLEO A";31,666;2;2026074067
2026-05-11;14:26:41;60,00;"GASOLEO A";37,999;4;2026074068
2026-05-11;14:29:05;10,00;"SIN PLOMO 95";7,424;3;2026074069
2026-05-11;14:30:53;39,68;"SIN PLOMO 95";29,458;2;2026074070
2026-05-11;14:31:31;60,00;"SIN PLOMO 95";44,543;4;2026005489
2026-05-11;14:46:10;20,00;"SIN PLOMO 95";14,848;2;2026074071
2026-05-11;14:47:17;20,00;"GASOLEO A";12,666;4;2026074072
2026-05-11;14:48:19;8,00;"SIN PLOMO 95";5,939;2;2026074073
2026-05-11;14:53:09;20,00;"GASOLEO A";12,666;2;2026074074
2026-05-11;15:01:59;50,00;"GASOLEO A";31,666;2;2026074076
2026-05-11;15:05:19;122,75;"GASOLEO A";77,739;1;2026074077
2026-05-11;15:05:51;30,00;"GASOLEO A";18,999;4;2026074078
2026-05-11;15:06:58;65,00;"GASOLEO A";41,165;3;2026074079
2026-05-11;15:07:07;50,00;"GASOLEO A";31,666;2;2026074080
2026-05-11;15:09:32;30,00;"SIN PLOMO 95";22,272;4;2026074081
2026-05-11;15:09:51;15,00;"GASOLEO A";9,500;2;2026074082
2026-05-11;15:11:03;20,00;"GASOLEO A";12,666;3;2026074083
2026-05-11;15:13:37;25,00;"GASOLEO A";15,833;2;2026074087
2026-05-11;15:13:50;5,00;"GASOLEO A";3,167;3;2026074088
2026-05-11;15:14:28;18,63;"SIN PLOMO 95";13,831;4;2026074089
2026-05-11;15:16:32;20,00;"GASOLEO A";12,666;4;2026074090
2026-05-11;15:17:18;30,00;"GASOLEO A";18,999;2;2026005490
2026-05-11;15:20:36;100,00;"GASOLEO A";63,331;2;2026074091
2026-05-11;15:21:02;40,00;"GASOLEO A";25,332;3;2026074092
2026-05-11;15:21:10;50,00;"SIN PLOMO 95";37,120;4;2026074093
2026-05-11;15:22:04;296,34;"SIN PLOMO 95";220,000;1;2026074094
2026-05-11;15:25:29;30,00;"GASOLEO A";18,999;4;2026074096
2026-05-11;15:33:46;20,00;"GASOLEO A";12,666;3;2026074097
2026-05-11;15:39:38;50,00;"GASOLEO A";31,666;2;2026005491
2026-05-11;15:40:04;30,00;"GASOLEO A";18,999;4;2026074098
2026-05-11;15:42:55;30,00;"GASOLEO A";18,999;4;2026074099
2026-05-11;15:44:58;30,00;"GASOLEO A";18,999;2;2026005492
2026-05-11;15:45:53;10,00;"SIN PLOMO 95";7,424;3;2026005493
2026-05-11;15:46:07;30,00;"GASOLEO A";18,999;4;2026074100
2026-05-11;15:48:33;296,34;"SIN PLOMO 95";220,000;1;2026074101
2026-05-11;15:48:56;10,00;"GASOLEO A";6,333;2;2026074102
2026-05-11;15:52:52;40,00;"GASOLEO A";25,332;1;2026074103
2026-05-11;15:53:46;50,00;"GASOLEO A";31,666;2;2026074104
2026-05-11;15:56:52;20,00;"GASOLEO A";12,666;4;2026074106
2026-05-11;16:01:25;6,74;"SIN PLOMO 95";5,000;1;2026074107
2026-05-11;16:04:03;20,00;"GASOLEO A";12,666;2;2026074110
2026-05-11;16:05:17;40,00;"GASOLEO A";25,332;4;2026074111
2026-05-11;16:08:23;56,63;"SIN PLOMO 95";42,042;1;2026074112
2026-05-11;16:08:53;20,00;"SIN PLOMO 95";14,848;3;2026074113
2026-05-11;16:10:58;50,00;"GASOLEO A";31,666;2;2026074114
2026-05-11;16:11:32;10,00;"GASOLEO A";6,333;4;2026074115
2026-05-11;16:12:18;3,60;"SIN PLOMO 95";2,673;3;2026074116
2026-05-11;16:14:27;296,34;"SIN PLOMO 95";220,000;1;2026074117
2026-05-11;16:14:34;30,00;"GASOLEO A";18,999;4;2026074118
2026-05-11;16:17:04;30,00;"SIN PLOMO 95";22,272;1;2026074119
2026-05-11;16:19:21;30,00;"GASOLEO A";18,999;2;2026074120
2026-05-11;16:20:39;15,00;"GASOLEO A";9,500;4;2026074121
2026-05-11;16:23:14;5,00;"GASOLEO A";3,167;4;2026074122
2026-05-11;16:23:25;20,00;"GASOLEO A";12,666;1;2026074123
2026-05-11;16:24:20;50,00;"SIN PLOMO 95";37,120;3;2026074124
2026-05-11;16:26:04;20,00;"GASOLEO A";12,666;2;2026074125
2026-05-11;16:26:47;20,00;"GASOLEO A";12,666;4;2026074126
2026-05-11;16:30:01;20,00;"GASOLEO A";12,666;4;2026074127
2026-05-11;16:36:29;50,00;"GASOLEO A";31,666;2;2026074128
2026-05-11;16:36:57;20,00;"GASOLEO A";12,666;4;2026074129
2026-05-11;16:37:54;50,00;"GASOLEO A";31,666;3;2026074130
2026-05-11;16:39:14;296,34;"SIN PLOMO 95";220,000;1;2026074131
2026-05-11;16:39:37;12,00;"GASOLEO A";7,600;1;2026074132
2026-05-11;16:41:52;20,00;"GASOLEO A";12,666;2;2026074133
2026-05-11;16:51:36;6,00;"SIN PLOMO 95";4,454;2;2026005494
2026-05-11;16:52:17;30,00;"GASOLEO A";18,999;4;2026074134
2026-05-11;16:57:04;20,00;"GASOLEO A";12,666;4;2026074135
2026-05-11;17:02:06;20,00;"GASOLEO A";12,666;2;2026074136
2026-05-11;17:02:30;50,00;"GASOLEO A";31,666;4;2026074137
2026-05-11;17:05:28;6,74;"SIN PLOMO 95";5,000;1;2026074138
2026-05-11;17:07:09;10,00;"GASOLEO A";6,333;1;2026074139
2026-05-11;17:07:20;20,00;"GASOLEO A";12,666;2;2026074140
2026-05-11;17:08:21;20,00;"GASOLEO A";12,666;4;2026074141
2026-05-11;17:13:46;100,00;"GASOLEO A";63,331;1;2026005495
2026-05-11;17:14:25;50,00;"GASOLEO A";31,666;4;2026074142
2026-05-11;17:15:03;50,00;"GASOLEO A";31,666;2;2026074143
2026-05-11;17:15:23;30,00;"SIN PLOMO 95";22,272;3;2026074144
2026-05-11;17:17:07;30,00;"GASOLEO A";18,999;3;2026074145
2026-05-11;17:17:49;20,00;"SIN PLOMO 95";14,848;4;2026074146
2026-05-11;17:21:20;30,00;"GASOLEO A";18,999;2;2026074148
2026-05-11;17:21:44;20,00;"SIN PLOMO 95";14,848;3;2026074149
2026-05-11;17:25:10;30,00;"SIN PLOMO 95";22,272;4;2026074150
2026-05-11;17:25:16;20,00;"GASOLEO A";12,666;1;2026074151
2026-05-11;17:28:32;5,00;"SIN PLOMO 95";3,712;3;2026074152
2026-05-11;17:28:43;10,00;"GASOLEO A";6,333;4;2026074153
2026-05-11;17:32:50;36,00;"GASOLEO A";22,799;2;2026074155
2026-05-11;17:33:45;30,00;"GASOLEO A";18,999;4;2026074156
2026-05-11;17:34:23;30,00;"SIN PLOMO 95";22,272;2;2026074157
2026-05-11;17:34:59;25,00;"GASOLEO A";15,833;3;2026074158
2026-05-11;17:36:33;10,00;"GASOLEO A";6,333;2;2026074159
2026-05-11;17:37:27;60,00;"GASOLEO A";37,999;4;2026074160
2026-05-11;17:38:10;40,00;"SIN PLOMO 95";29,696;3;2026074161
2026-05-11;17:39:42;30,00;"GASOLEO A";18,999;2;2026074162
2026-05-11;17:40:27;296,43;"SIN PLOMO 95";220,067;1;2026074163
2026-05-11;17:40:54;30,00;"GASOLEO A";18,999;1;2026074164
2026-05-11;17:41:38;50,00;"GASOLEO A";31,666;3;2026074165
2026-05-11;17:42:24;20,00;"SIN PLOMO 95";14,848;2;2026074166
2026-05-11;17:42:49;10,00;"SIN PLOMO 95";7,424;4;2026074167
2026-05-11;17:43:06;50,00;"GASOLEO A";31,666;1;2026074168
2026-05-11;17:45:56;-2,99;"GASOLEO A";-1,894;1;2026074169
2026-05-11;17:47:06;20,00;"SIN PLOMO 95";14,848;3;2026074170
2026-05-11;17:48:54;20,00;"GASOLEO A";12,666;1;2026074172
2026-05-11;17:50:07;10,00;"GASOLEO A";6,333;4;2026074173
2026-05-11;17:56:04;40,00;"GASOLEO A";25,332;2;2026005496
2026-05-11;18:00:15;70,00;"GASOLEO A";44,332;2;2026074174
2026-05-11;18:01:30;25,00;"SIN PLOMO 95";18,560;3;2026074176
2026-05-11;18:02:35;20,00;"GASOLEO A";12,666;4;2026074177
2026-05-11;18:07:15;5,24;"SIN PLOMO 95";3,890;2;2026074178
2026-05-11;18:07:25;20,00;"SIN PLOMO 95";14,848;2;2026074179
2026-05-11;18:08:09;296,34;"SIN PLOMO 95";220,000;1;2026074180
2026-05-11;18:08:56;67,01;"SIN PLOMO 95";49,748;3;2026074181
2026-05-11;18:10:37;50,00;"GASOLEO A";31,666;4;2026074182
2026-05-11;18:11:25;54,02;"GASOLEO A";34,212;4;2026074183
2026-05-11;18:11:46;30,00;"GASOLEO A";18,999;1;2026074184
2026-05-11;18:12:24;40,11;"SIN PLOMO 95";29,777;3;2026074185
2026-05-11;18:12:47;6,74;"SIN PLOMO 95";5,000;2;2026074186
2026-05-11;18:13:16;50,00;"GASOLEO A";31,666;3;2026074187
2026-05-11;18:15:15;5,00;"SIN PLOMO 95";3,712;2;2026074189
2026-05-11;18:17:36;13,59;"SIN PLOMO 95";10,089;4;2026074190
2026-05-11;18:18:44;30,00;"SIN PLOMO 95";22,272;2;2026074191
2026-05-11;18:22:27;8,50;"SIN PLOMO 95";6,310;3;2026005497
2026-05-11;18:23:26;10,00;"GASOLEO A";6,333;2;2026074192
2026-05-11;18:23:53;50,00;"SIN PLOMO 95";37,120;4;2026074193
2026-05-11;18:23:58;20,00;"GASOLEO A";12,666;1;2026074194
2026-05-11;18:24:54;10,00;"SIN PLOMO 95";7,424;3;2026074195
2026-05-11;18:26:18;10,00;"GASOLEO A";6,333;2;2026074196
2026-05-11;18:26:31;40,00;"GASOLEO A";25,332;4;2026074197
2026-05-11;18:27:02;60,00;"GASOLEO A";37,999;1;2026074198
2026-05-11;18:31:10;63,13;"GASOLEO A";39,981;2;2026074201
2026-05-11;18:31:47;5,00;"SIN PLOMO 95";3,712;1;2026074202
2026-05-11;18:32:26;87,00;"GASOLEO A";55,098;4;2026005498
2026-05-11;18:34:18;50,00;"SIN PLOMO 95";37,120;2;2026005499
2026-05-11;18:34:59;40,00;"GASOLEO A";25,332;3;2026074204
2026-05-11;18:37:12;10,00;"GASOLEO A";6,333;4;2026074206
2026-05-11;18:38:28;30,00;"GASOLEO A";18,999;2;2026074207
2026-05-11;18:39:38;10,00;"GASOLEO A";6,333;3;2026074208
2026-05-11;18:39:55;30,00;"GASOLEO A";18,999;1;2026074209
2026-05-11;18:41:22;296,34;"SIN PLOMO 95";220,000;1;2026074210
2026-05-11;18:41:41;-30,00;"GASOLEO A";-18,999;1;2026074211
2026-05-11;18:42:12;20,00;"GASOLEO A";12,666;4;2026074212
2026-05-11;18:42:27;30,00;"GASOLEO A";18,999;1;2026074213
2026-05-11;18:43:18;40,00;"GASOLEO A";25,332;3;2026005500
2026-05-11;18:44:03;30,00;"GASOLEO A";18,999;1;2026005501
2026-05-11;18:45:08;62,60;"SIN PLOMO 95";46,474;2;2026074214
2026-05-11;18:45:35;30,00;"GASOLEO A";18,999;4;2026074215
2026-05-11;18:46:33;20,00;"GASOLEO A";12,666;3;2026074216
2026-05-11;18:46:42;50,00;"GASOLEO A";31,666;2;2026074217
2026-05-11;18:48:33;10,00;"GASOLEO A";6,333;4;2026074218
2026-05-11;18:48:53;100,00;"GASOLEO A";63,331;3;2026074219
2026-05-11;18:50:12;20,00;"SIN PLOMO 95";14,848;2;2026074221
2026-05-11;18:51:35;20,00;"GASOLEO A";12,666;4;2026074222
2026-05-11;18:52:12;-4,99;"GASOLEO A";-3,160;3;2026074223
2026-05-11;18:52:55;100,00;"GASOLEO A";63,331;3;2026005502
2026-05-11;18:52:55;-100,00;"GASOLEO A";-63,331;3;2026000520
2026-05-11;18:54:17;5,00;"SIN PLOMO 95";3,712;1;2026074225
2026-05-11;18:54:33;20,00;"GASOLEO A";12,666;4;2026074226
2026-05-11;18:55:02;296,37;"SIN PLOMO 95";220,022;1;2026074227
2026-05-11;18:55:50;-20,00;"GASOLEO A";-12,666;4;2026074229
2026-05-11;18:56:00;20,00;"GASOLEO A";12,666;2;2026074230
2026-05-11;18:57:06;50,00;"SIN PLOMO 95";37,120;4;2026074231
2026-05-11;18:57:40;50,00;"GASOLEO A";31,666;3;2026005503
2026-05-11;18:58:31;50,00;"SIN PLOMO 95";37,120;1;2026074232
2026-05-11;19:01:35;50,00;"GASOLEO A";31,666;2;2026074235
2026-05-11;19:01:40;50,00;"GASOLEO A";31,666;4;2026074236
2026-05-11;19:02:02;10,00;"SIN PLOMO 95";7,424;3;2026074237
2026-05-11;19:04:45;44,97;"GASOLEO A";28,480;1;2026005504
2026-05-11;19:05:35;20,00;"GASOLEO A";12,666;4;2026074238
2026-05-11;19:05:54;-0,77;"SIN PLOMO 95";-0,572;3;2026074239
2026-05-11;19:06:02;10,00;"GASOLEO A";6,333;2;2026074240
2026-05-11;19:07:59;20,00;"GASOLEO A";12,666;1;2026074241
2026-05-11;19:09:00;30,00;"GASOLEO A";18,999;2;2026074242
2026-05-11;19:10:29;9,25;"SIN PLOMO 95";6,867;3;2026005505
2026-05-11;19:11:43;30,00;"GASOLEO A";18,999;4;2026074243
2026-05-11;19:13:13;20,00;"GASOLEO A";12,666;2;2026074244
2026-05-11;19:14:48;10,00;"GASOLEO A";6,333;1;2026074245
2026-05-11;19:15:16;20,00;"GASOLEO A";12,666;3;2026074247
2026-05-11;19:17:00;20,00;"GASOLEO A";12,666;2;2026074248
2026-05-11;19:17:08;50,00;"GASOLEO A";31,666;4;2026074249
2026-05-11;19:19:02;25,00;"GASOLEO A";15,833;3;2026074250
2026-05-11;19:20:15;50,00;"GASOLEO A";31,666;2;2026074251
2026-05-11;19:26:41;20,00;"GASOLEO A";12,666;4;2026074254
2026-05-11;19:27:30;31,71;"SIN PLOMO 95";23,541;3;2026074255
2026-05-11;19:28:54;30,00;"GASOLEO A";18,999;3;2026074256
2026-05-11;19:29:58;20,00;"SIN PLOMO 95";14,848;4;2026074257
2026-05-11;19:31:30;20,00;"GASOLEO A";12,666;3;2026074258
2026-05-11;19:32:15;296,35;"SIN PLOMO 95";220,007;1;2026074259
2026-05-11;19:32:55;12,30;"GASOLEO A";7,790;1;2026074260
2026-05-11;19:33:28;30,00;"GASOLEO A";18,999;4;2026074261
2026-05-11;19:34:12;20,00;"GASOLEO A";12,666;2;2026074263
2026-05-11;19:35:12;20,00;"GASOLEO A";12,666;1;2026074265
2026-05-11;19:35:50;25,00;"GASOLEO A";15,833;4;2026074266
2026-05-11;19:36:51;67,20;"GASOLEO A";42,559;3;2026074267
2026-05-11;19:39:16;30,00;"GASOLEO A";18,999;3;2026074268
2026-05-11;19:52:14;6,74;"SIN PLOMO 95";5,000;3;2026074269
2026-05-11;19:52:25;30,00;"GASOLEO A";18,999;1;2026074270
2026-05-11;19:55:07;30,00;"GASOLEO A";18,999;2;2026074271
2026-05-11;19:57:17;40,00;"SIN PLOMO 95";29,696;3;2026074273
2026-05-11;19:57:45;20,00;"SIN PLOMO 95";14,848;4;2026074274
2026-05-11;19:58:40;20,00;"GASOLEO A";12,666;2;2026074276
2026-05-11;20:00:35;30,00;"GASOLEO A";18,999;4;2026074277
2026-05-11;20:02:35;20,00;"GASOLEO A";12,666;3;2026074280
2026-05-11;20:03:03;30,00;"GASOLEO A";18,999;2;2026074281
2026-05-11;20:04:38;296,34;"SIN PLOMO 95";220,000;1;2026074282
2026-05-11;20:06:03;40,00;"SIN PLOMO 95";29,696;4;2026074283
2026-05-11;20:08:21;15,00;"GASOLEO A";9,500;2;2026074285
2026-05-11;20:08:42;10,00;"SIN PLOMO 95";7,424;3;2026074286
2026-05-11;20:11:03;50,00;"GASOLEO A";31,666;2;2026074288
2026-05-11;20:11:43;10,00;"GASOLEO A";6,333;4;2026074289
2026-05-11;20:15:30;296,37;"SIN PLOMO 95";220,022;1;2026074290
2026-05-11;20:16:19;20,00;"GASOLEO A";12,666;4;2026074291
2026-05-11;20:18:05;50,00;"GASOLEO A";31,666;2;2026005506
2026-05-11;20:19:07;-50,00;"GASOLEO A";-31,666;2;2026074292
2026-05-11;20:19:15;50,00;"GASOLEO A";31,666;3;2026074293
2026-05-11;20:19:54;30,00;"GASOLEO A";18,999;2;2026074294
2026-05-11;20:26:55;296,34;"SIN PLOMO 95";220,000;1;2026074295
2026-05-11;20:30:51;20,00;"GASOLEO A";12,666;4;2026074297
2026-05-11;20:34:05;80,01;"GASOLEO A";50,671;2;2026074299
2026-05-11;20:37:03;296,34;"SIN PLOMO 95";220,000;1;2026074300
2026-05-11;20:37:48;20,00;"GASOLEO A";12,666;2;2026074302
2026-05-11;20:38:11;30,00;"GASOLEO A";18,999;4;2026074303
2026-05-11;20:40:13;30,00;"GASOLEO A";18,999;3;2026074304
2026-05-11;20:40:38;10,00;"GASOLEO A";6,333;2;2026074305
2026-05-11;20:41:35;20,00;"SIN PLOMO 95";14,848;4;2026074307
2026-05-11;20:43:37;20,00;"GASOLEO A";12,666;3;2026074308
2026-05-11;20:44:51;40,00;"GASOLEO A";25,332;4;2026074309
2026-05-11;20:48:13;63,85;"GASOLEO A";40,437;2;2026005507
2026-05-11;20:52:50;20,00;"GASOLEO A";12,666;4;2026074311
2026-05-11;20:55:25;55,25;"GASOLEO A";34,991;2;2026074312
2026-05-11;20:56:01;30,00;"GASOLEO A";18,999;4;2026074313
2026-05-11;20:59:38;296,34;"SIN PLOMO 95";220,000;1;2026074314
2026-05-11;21:00:01;20,00;"GASOLEO A";12,666;3;2026074315
2026-05-11;21:02:24;50,00;"GASOLEO A";31,666;4;2026005508
2026-05-11;21:03:30;296,34;"SIN PLOMO 95";220,000;2;2026074316
2026-05-11;21:03:48;20,00;"GASOLEO A";12,666;3;2026074318
2026-05-11;21:06:10;20,00;"GASOLEO A";12,666;4;2026074319
2026-05-11;21:08:30;-117,09;"SIN PLOMO 95";-86,927;2;2026074320
2026-05-11;21:08:54;117,00;"SIN PLOMO 95";86,860;2;2026074321
2026-05-11;21:14:02;64,55;"SIN PLOMO 95";47,921;1;2026005509
2026-05-11;21:14:30;10,00;"SIN PLOMO 95";7,424;3;2026074322
2026-05-11;21:15:03;50,00;"GASOLEO A";31,666;2;2026074323
2026-05-11;21:15:41;78,49;"GASOLEO A";49,709;4;2026074324
2026-05-11;21:16:25;5,00;"GASOLEO A";3,167;1;2026074325
2026-05-11;21:17:44;20,00;"GASOLEO A";12,666;4;2026074326
2026-05-11;21:21:57;30,00;"GASOLEO A";18,999;4;2026074327
2026-05-11;21:27:32;20,00;"GASOLEO A";12,666;2;2026074328
2026-05-11;21:30:29;20,00;"GASOLEO A";12,666;3;2026074329
2026-05-11;21:32:16;296,34;"SIN PLOMO 95";220,000;1;2026074330
2026-05-11;21:33:58;20,00;"GASOLEO A";12,666;3;2026074331
2026-05-11;21:36:03;16,37;"SIN PLOMO 95";12,153;2;2026074332
2026-05-11;21:37:50;30,00;"SIN PLOMO 95";22,272;4;2026074333
2026-05-11;21:38:19;20,00;"GASOLEO A";12,666;3;2026074334
2026-05-11;21:41:59;10,00;"GASOLEO A";6,333;2;2026074337
2026-05-11;21:46:25;20,00;"GASOLEO A";12,666;1;2026074339
2026-05-11;21:48:13;20,00;"GASOLEO A";12,666;4;2026074340
2026-05-11;21:48:56;30,00;"GASOLEO A";18,999;2;2026074341
2026-05-11;21:55:23;35,00;"GASOLEO A";22,166;1;2026074342
2026-05-11;22:08:35;20,00;"GASOLEO A";12,666;1;2026074343
2026-05-11;22:18:23;20,00;"GASOLEO A";12,666;2;2026074344
